company_name,symbol,sector_name,subsector_name,listing_date,listing_y,listing_m,listing_d
"8990 Holdings, Inc. Series B Perpetual Preferred Shares",8990B,PROPERTY,PROPERTY,2021-02-10,2021,2,10
"8990 Holdings, Inc. Series A Perpetual Preferred Shares",8990P,PROPERTY,PROPERTY,2017-12-01,2017,12,1
Asia Amalgamated Holdings Corporation,AAA,HOLDING FIRMS,HOLDING FIRMS,1973-03-22,1973,3,22
"Atok-Big Wedge Co., Inc.",AB,MINING & OIL,MINING,1948-01-08,1948,1,8
"AbaCore Capital Holdings, Inc.",ABA,HOLDING FIRMS,HOLDING FIRMS,1987-10-28,1987,10,28
Asiabest Group International Inc.,ABG,HOLDING FIRMS,HOLDING FIRMS,1979-07-10,1979,7,10
ABS-CBN Corporation,ABS,SERVICES,MEDIA,1992-07-08,1992,7,8
ABS-CBN Holdings Corporation - Philippine Deposit Receipts,ABSP,SERVICES,MEDIA,1999-10-07,1999,10,7
Ayala Corporation,AC,HOLDING FIRMS,HOLDING FIRMS,1976-11-08,1976,11,8
Acesite (Phils.) Hotel Corporation,ACE,SERVICES,HOTEL & LEISURE,1986-12-05,1986,12,5
ACEN CORPORATION,ACEN,INDUSTRIAL,"ELEC., ENERGY, POWER & WATER",1970-01-05,1970,1,5
ACEN Corporation Perpetual Series A Preferred Shares,ACENA,INDUSTRIAL,"ELEC., ENERGY, POWER & WATER",2023-09-01,2023,9,1
ACEN Corporation Perpetual Series B Preferred Shares,ACENB,INDUSTRIAL,"ELEC., ENERGY, POWER & WATER",2023-09-01,2023,9,1
Ayala Corporation Preferred Class ``A`` Shares,ACPA,HOLDING FIRMS,HOLDING FIRMS,2008-11-25,2008,11,25
Ayala Corporation Non-Voting Perpetual Preferred A Shares,ACPAR,HOLDING FIRMS,HOLDING FIRMS,2023-05-29,2023,5,29
Ayala Corporation Class ``B`` Series 1 Preferred Shares,ACPB1,HOLDING FIRMS,HOLDING FIRMS,2006-07-21,2006,7,21
"Alsons Consolidated Resources, Inc.",ACR,INDUSTRIAL,"ELEC., ENERGY, POWER & WATER",1993-04-12,1993,4,12
"Aboitiz Equity Ventures, Inc.",AEV,HOLDING FIRMS,HOLDING FIRMS,1994-11-16,1994,11,16
"Alliance Global Group, Inc.",AGI,HOLDING FIRMS,HOLDING FIRMS,1999-04-19,1999,4,19
Arthaland Corporation,ALCO,PROPERTY,PROPERTY,1996-03-19,1996,3,19
Arthaland Corporation Series ``B`` Perpetual Preferred Shares,ALCPB,PROPERTY,PROPERTY,2016-12-06,2016,12,6
Arthaland Corporation Series ``C`` Perpetual Preferred Shares,ALCPC,PROPERTY,PROPERTY,2019-06-27,2019,6,27
Arthaland Corporation Series ``D`` Preferred Shares,ALCPD,PROPERTY,PROPERTY,2021-12-03,2021,12,3
"Anchor Land Holdings, Inc.",ALHI,PROPERTY,PROPERTY,2007-08-08,2007,8,8
"Ayala Land, Inc.",ALI,PROPERTY,PROPERTY,1991-07-05,1991,7,5
"AllDay Marts, Inc.",ALLDY,SERVICES,RETAIL,2021-11-03,2021,11,3
AyalaLand Logistics Holdings Corp.,ALLHC,PROPERTY,PROPERTY,1990-02-28,1990,2,28
Alternergy Holdings Corporation,ALTER,INDUSTRIAL,"ELEC., ENERGY, POWER & WATER",2023-03-24,2023,3,24
"AgriNurture, Inc.",ANI,INDUSTRIAL,"FOOD, BEVERAGE & TOBACCO",2009-05-25,2009,5,25
A. Soriano Corporation,ANS,HOLDING FIRMS,HOLDING FIRMS,1973-10-25,1973,10,25
Aboitiz Power Corporation,AP,INDUSTRIAL,"ELEC., ENERGY, POWER & WATER",2007-07-16,2007,7,16
Ayala Corporation Class ``B`` Series 2 Preferred Shares,APB2R,HOLDING FIRMS,HOLDING FIRMS,2019-11-29,2019,11,29
"APC Group, Inc.",APC,SERVICES,OTHER SERVICES,1994-03-08,1994,3,8
"Apollo Global Capital, Inc.",APL,SERVICES,INFORMATION TECHNOLOGY,2012-10-18,2012,10,18
Anglo Philippine Holdings Corporation,APO,HOLDING FIRMS,HOLDING FIRMS,1959-07-31,1959,7,31
"Altus Property Ventures, Inc.",APVI,PROPERTY,PROPERTY,2020-06-26,2020,6,26
"Apex Mining Co., Inc.",APX,MINING & OIL,MINING,1974-03-07,1974,3,7
Abra Mining & Industrial Corporation,AR,MINING & OIL,MINING,1969-12-24,1969,12,24
"Araneta Properties, Inc.",ARA,PROPERTY,PROPERTY,1989-11-14,1989,11,14
"AREIT, Inc.",AREIT,PROPERTY,PROPERTY,2020-08-13,2020,8,13
Raslag Corp.,ASLAG,INDUSTRIAL,"ELEC., ENERGY, POWER & WATER",2022-06-06,2022,6,6
Atlas Consolidated Mining and Development Corporation,AT,MINING & OIL,MINING,1970-11-17,1970,11,17
"Asian Terminals, Inc.",ATI,SERVICES,TRANSPORTATION SERVICES,1996-01-25,1996,1,25
"ATN Holdings, Inc. ``A``",ATN,HOLDING FIRMS,HOLDING FIRMS,1970-09-24,1970,9,24
"ATN Holdings, Inc. ``B``",ATNB,HOLDING FIRMS,HOLDING FIRMS,1970-09-24,1970,9,24
Asia United Bank Corporation,AUB,FINANCIALS,BANKS,2013-05-17,2013,5,17
Axelum Resources Corp.,AXLM,INDUSTRIAL,"FOOD, BEVERAGE & TOBACCO",2019-10-07,2019,10,7
Balai Ni Fruitas Inc.,BALAI,SME,SME,2022-06-30,2022,6,30
Benguet Corporation ``A``,BC,MINING & OIL,MINING,1950-01-04,1950,1,4
Benguet Corporation ``B``,BCB,MINING & OIL,MINING,1950-01-04,1950,1,4
"Berjaya Philippines, Inc.",BCOR,SERVICES,RETAIL,1948-11-29,1948,11,29
Benguet Corporation - 8% Cumulative Convertible Preferred A,BCP,MINING & OIL,MINING,1974-05-29,1974,5,29
"BDO Unibank, Inc.",BDO,FINANCIALS,BANKS,2002-05-21,2002,5,21
Belle Corporation,BEL,SERVICES,CASINOS & GAMING,1977-02-02,1977,2,2
"BHI Holdings, Inc.",BH,HOLDING FIRMS,HOLDING FIRMS,1966-11-02,1966,11,2
"Boulevard Holdings, Inc.",BHI,SERVICES,HOTEL & LEISURE,1997-04-28,1997,4,28
Bright Kindle Resources & Investments Inc.,BKR,FINANCIALS,OTHER FINANCIAL INSTITUTIONS,1995-03-21,1995,3,21
Bloomberry Resorts Corporation,BLOOM,SERVICES,CASINOS & GAMING,2000-10-17,2000,10,17
"Bogo-Medellin Milling Co., Inc.",BMM,INDUSTRIAL,"FOOD, BEVERAGE & TOBACCO",1950-11-16,1950,11,16
Bank of Commerce,BNCOM,FINANCIALS,BANKS,2022-03-31,2022,3,31
Bank of the Philippine Islands,BPI,FINANCIALS,BANKS,1971-10-12,1971,10,12
"A Brown Company, Inc.",BRN,PROPERTY,PROPERTY,1994-02-08,1994,2,8
"A Brown Company, Inc. Series A Preferred Shares",BRNP,PROPERTY,PROPERTY,2021-11-29,2021,11,29
Basic Energy Corporation,BSC,INDUSTRIAL,"ELEC., ENERGY, POWER & WATER",1973-10-16,1973,10,16
Chelsea Logistics and Infrastructure Holdings Corp.,C,SERVICES,TRANSPORTATION SERVICES,2017-08-08,2017,8,8
Concrete Aggregates Corp. ``A``,CA,INDUSTRIAL,"CONSTRUCTION, INFR. & ALLIED",1972-10-20,1972,10,20
Concrete Aggregates Corp. ``B``,CAB,INDUSTRIAL,"CONSTRUCTION, INFR. & ALLIED",1973-04-02,1973,4,2
"Central Azucarera de Tarlac, Inc.",CAT,INDUSTRIAL,"FOOD, BEVERAGE & TOBACCO",1977-04-12,1977,4,12
Cityland Development Corporation,CDC,PROPERTY,PROPERTY,1983-08-02,1983,8,2
"Cebu Air, Inc.",CEB,SERVICES,TRANSPORTATION SERVICES,2010-10-26,2010,10,26
"Cebu Air, Inc. Convertible Preferred Shares",CEBCP,SERVICES,TRANSPORTATION SERVICES,2021-03-29,2021,3,29
"Crown Equities, Inc.",CEI,PROPERTY,PROPERTY,1994-08-16,1994,8,16
Centro Escolar University,CEU,SERVICES,EDUCATION,1986-11-10,1986,11,10
"Cebu Holdings, Inc.",CHI,PROPERTY,PROPERTY,1994-02-14,1994,2,14
China Banking Corporation,CHIB,FINANCIALS,BANKS,1927-09-01,1927,9,1
"Cemex Holdings Philippines, Inc.",CHP,INDUSTRIAL,"CONSTRUCTION, INFR. & ALLIED",2016-07-18,2016,7,18
Concepcion Industrial Corporation,CIC,INDUSTRIAL,ELECTRICAL COMPONENTS & EQUIP.,2013-11-27,2013,11,27
"Chemical Industries of the Philippines, Inc.",CIP,INDUSTRIAL,CHEMICALS,1985-11-21,1985,11,21
"Cebu Landmasters, Inc.",CLI,PROPERTY,PROPERTY,2017-06-02,2017,6,2
"Century Pacific Food, Inc.",CNPF,INDUSTRIAL,"FOOD, BEVERAGE & TOBACCO",2014-05-06,2014,5,6
"Converge Information and Communications Technology Solutions, Inc.",CNVRG,SERVICES,INFORMATION TECHNOLOGY,2020-10-26,2020,10,26
Coal Asia Holdings Incorporated,COAL,MINING & OIL,MINING,2012-10-23,2012,10,23
"COL Financial Group, Inc.",COL,FINANCIALS,OTHER FINANCIAL INSTITUTIONS,2006-07-12,2006,7,12
"Cosco Capital, Inc.",COSCO,HOLDING FIRMS,HOLDING FIRMS,1988-09-26,1988,9,26
Century Properties Group Inc.,CPG,PROPERTY,PROPERTY,1976-06-16,1976,6,16
Century Properties Group Inc. Preferred A Shares,CPGP,PROPERTY,PROPERTY,2020-01-10,2020,1,10
Century Peak Holdings Corporation,CPM,MINING & OIL,MINING,2009-10-06,2009,10,6
Citicore Energy REIT Corp.,CREIT,PROPERTY,PROPERTY,2022-02-22,2022,2,22
Crown Asia Chemicals Corporation,CROWN,INDUSTRIAL,CHEMICALS,2015-04-27,2015,4,27
"Citystate Savings Bank, Inc.",CSB,FINANCIALS,BANKS,2002-01-03,2002,1,3
"CTS Global Equity Group, Inc.",CTS,SME,SME,2022-04-13,2022,4,13
Cyber Bay Corporation,CYBR,PROPERTY,PROPERTY,1991-03-19,1991,3,19
DoubleDragon Corporation,DD,PROPERTY,PROPERTY,2014-04-07,2014,4,7
"DDMP REIT, Inc.",DDMPR,PROPERTY,PROPERTY,2021-03-24,2021,3,24
DoubleDragon Properties Corp. Preferred Shares,DDPR,PROPERTY,PROPERTY,2016-07-26,2016,7,26
Del Monte Pacific Limited,DELM,INDUSTRIAL,"FOOD, BEVERAGE & TOBACCO",2013-06-10,2013,6,10
"DFNN, Inc.",DFNN,SERVICES,INFORMATION TECHNOLOGY,2000-10-30,2000,10,30
"Dominion Holdings, Inc.",DHI,FINANCIALS,OTHER FINANCIAL INSTITUTIONS,1997-01-06,1997,1,6
DITO CME Holdings Corp.,DITO,SERVICES,INFORMATION TECHNOLOGY,1975-10-01,1975,10,1
"Dizon Copper-Silver Mines, Inc.",DIZ,MINING & OIL,MINING,1988-02-10,1988,2,10
"DMCI Holdings, Inc.",DMC,HOLDING FIRMS,HOLDING FIRMS,1995-12-18,1995,12,18
"DMCI Holdings, Inc. - Cumulative Convertible Preferred",DMCP,HOLDING FIRMS,HOLDING FIRMS,1997-04-07,1997,4,7
Del Monte Pacific Limited U.S. Dollar-Denominated Series A-1 Preference Shares,DMPA1,INDUSTRIAL,"FOOD, BEVERAGE & TOBACCO",2017-04-07,2017,4,7
Del Monte Pacific Limited U.S. Dollar-Denominated Series A-2 Preference Shares,DMPA2,INDUSTRIAL,"FOOD, BEVERAGE & TOBACCO",2017-12-15,2017,12,15
"D.M. Wenceslao & Associates, Incorporated",DMW,PROPERTY,PROPERTY,2018-06-29,2018,6,29
Philab Holdings Corp.,DNA,SME,SME,2009-09-03,2009,9,3
"D&L Industries, Inc.",DNL,INDUSTRIAL,"FOOD, BEVERAGE & TOBACCO",2012-12-12,2012,12,12
PLDT INC. -USD,DTEL,SERVICES,TELECOMMUNICATIONS,2003-07-16,2003,7,16
Discovery World Corporation,DWC,SERVICES,HOTEL & LEISURE,2013-11-21,2013,11,21
"Easycall Communications Philippines, Inc.",ECP,SERVICES,OTHER SERVICES,1992-05-05,1992,5,5
East Coast Vulcan Corporation,ECVC,INDUSTRIAL,"CONSTRUCTION, INFR. & ALLIED",1970-08-31,1970,8,31
EEI Corporation,EEI,INDUSTRIAL,"CONSTRUCTION, INFR. & ALLIED",1975-07-21,1975,7,21
EEI Corporation Series A Preferred Shares,EEIPA,INDUSTRIAL,"CONSTRUCTION, INFR. & ALLIED",2021-12-23,2021,12,23
EEI Corporation Series B Preferred Shares,EEIPB,INDUSTRIAL,"CONSTRUCTION, INFR. & ALLIED",2021-12-23,2021,12,23
"IP E-Game Ventures, Inc.",EG,SERVICES,CASINOS & GAMING,2010-02-17,2010,2,17
"Empire East Land Holdings, Inc.",ELI,PROPERTY,PROPERTY,1996-06-28,1996,6,28
Emperador Inc.,EMI,INDUSTRIAL,"FOOD, BEVERAGE & TOBACCO",2011-12-19,2011,12,19
ENEX Energy Corp.,ENEX,MINING & OIL,OIL,2014-08-28,2014,8,28
"Euro-Med Laboratories Phil., Inc.",EURO,INDUSTRIAL,CHEMICALS,1998-07-02,1998,7,2
"Ever-Gotesco Resources and Holdings, Inc.",EVER,PROPERTY,PROPERTY,1996-09-16,1996,9,16
East West Banking Corporation,EW,FINANCIALS,BANKS,2012-05-07,2012,5,7
First Abacus Financial Holdings Corp.,FAF,FINANCIALS,OTHER FINANCIAL INSTITUTIONS,1994-11-17,1994,11,17
"San Miguel Food and Beverage, Inc.",FB,INDUSTRIAL,"FOOD, BEVERAGE & TOBACCO",1971-10-28,1971,10,28
"San Miguel Food and Beverage, Inc. - Preferred",FBP,INDUSTRIAL,"FOOD, BEVERAGE & TOBACCO",2011-03-03,2011,3,3
"San Miguel Food and Beverage, Inc. Perpetual Preferred Shares Series ``2``",FBP2,INDUSTRIAL,"FOOD, BEVERAGE & TOBACCO",2015-03-12,2015,3,12
"Figaro Coffee Group, Inc.",FCG,INDUSTRIAL,"FOOD, BEVERAGE & TOBACCO",2022-01-24,2022,1,24
Filinvest Development Corporation,FDC,HOLDING FIRMS,HOLDING FIRMS,1982-12-22,1982,12,22
"Ferronoux Holdings, Inc.",FERRO,FINANCIALS,OTHER FINANCIAL INSTITUTIONS,2013-08-13,2013,8,13
"Far Eastern University, Incorporated",FEU,SERVICES,EDUCATION,1986-07-11,1986,7,11
"Filipino Fund, Inc.",FFI,FINANCIALS,OTHER FINANCIAL INSTITUTIONS,1995-09-27,1995,9,27
First Gen Corporation,FGEN,INDUSTRIAL,"ELEC., ENERGY, POWER & WATER",2006-02-10,2006,2,10
First Gen Corporation Series ``G`` Preferred Shares,FGENG,INDUSTRIAL,"ELEC., ENERGY, POWER & WATER",2012-05-17,2012,5,17
Filinvest REIT Corp.,FILRT,PROPERTY,PROPERTY,2021-08-12,2021,8,12
F&J Prince Holdings Corporation ``A``,FJP,HOLDING FIRMS,HOLDING FIRMS,1982-12-08,1982,12,8
F&J Prince Holdings Corporation ``B``,FJPB,HOLDING FIRMS,HOLDING FIRMS,1982-12-08,1982,12,8
"Filinvest Land, Inc.",FLI,PROPERTY,PROPERTY,1993-10-25,1993,10,25
"First Metro Philippine Equity Exchange Traded Fund, Inc.",FMETF,ETF,ETF-EQUITY,2013-12-02,2013,12,2
"Global Ferronickel Holdings, Inc.",FNI,MINING & OIL,MINING,1994-12-14,1994,12,14
"Alliance Select Foods International, Inc.",FOOD,INDUSTRIAL,"FOOD, BEVERAGE & TOBACCO",2006-11-08,2006,11,8
First Philippine Holdings Corporation,FPH,INDUSTRIAL,"ELEC., ENERGY, POWER & WATER",1963-05-23,1963,5,23
"Forum Pacific, Inc.",FPI,HOLDING FIRMS,HOLDING FIRMS,1994-12-19,1994,12,19
"Fruitas Holdings, Inc.",FRUIT,INDUSTRIAL,"FOOD, BEVERAGE & TOBACCO",2019-11-29,2019,11,29
Filsyn Corporation ``A``,FYN,INDUSTRIAL,OTHER INDUSTRIALS,1975-06-03,1975,6,3
Filsyn Corporation ``B``,FYNB,INDUSTRIAL,OTHER INDUSTRIALS,1975-06-03,1975,6,3
"GEOGRACE Resources Philippines, Inc.",GEO,MINING & OIL,MINING,1972-02-07,1972,2,7
"Global-Estate Resorts, Inc.",GERI,PROPERTY,PROPERTY,1995-11-23,1995,11,23
"Globe Telecom, Inc.",GLO,SERVICES,TELECOMMUNICATIONS,1975-08-11,1975,8,11
"Globe Telecom, Inc. Series A Voting Perpetual Preferred Shares",GLOPA,SERVICES,TELECOMMUNICATIONS,2001-06-29,2001,6,29
"Globe Telecom, Inc. Series A Non-Voting Perpetual Preferred Shares",GLOPP,SERVICES,TELECOMMUNICATIONS,2014-08-22,2014,8,22
"GMA Network, Inc.",GMA7,SERVICES,MEDIA,2007-07-30,2007,7,30
"GMA Holdings, Inc. - Philippine Deposit Receipts",GMAP,SERVICES,MEDIA,2007-07-30,2007,7,30
Grand Plaza Hotel Corporation,GPH,SERVICES,HOTEL & LEISURE,1992-12-10,1992,12,10
Greenergy Holdings Incorporated,GREEN,INDUSTRIAL,ELECTRICAL COMPONENTS & EQUIP.,1996-09-26,1996,9,26
"Ginebra San Miguel, Inc.",GSMI,INDUSTRIAL,"FOOD, BEVERAGE & TOBACCO",1995-04-18,1995,4,18
"GT Capital Holdings, Inc.",GTCAP,HOLDING FIRMS,HOLDING FIRMS,2012-04-20,2012,4,20
"GT Capital Holdings, Inc. Non-Voting Perpetual Preferred Shares Series ``A``",GTPPA,HOLDING FIRMS,HOLDING FIRMS,2016-10-27,2016,10,27
"GT Capital Holdings, Inc. Non-Voting Perpetual Preferred Shares Series ``B``",GTPPB,HOLDING FIRMS,HOLDING FIRMS,2016-10-27,2016,10,27
"House of Investments, Inc.",HI,HOLDING FIRMS,HOLDING FIRMS,1962-07-02,1962,7,2
AllHome Corp.,HOME,SERVICES,RETAIL,2019-10-10,2019,10,10
"8990 Holdings, Inc.",HOUSE,PROPERTY,PROPERTY,2010-12-09,2010,12,9
"Haus Talk, Inc.",HTI,SME,SME,2022-01-17,2022,1,17
"Golden MV Holdings, Inc.",HVN,PROPERTY,PROPERTY,2016-06-29,2016,6,29
"I-Remit, Inc.",I,FINANCIALS,OTHER FINANCIAL INSTITUTIONS,2007-10-17,2007,10,17
"International Container Terminal Services, Inc.",ICT,SERVICES,TRANSPORTATION SERVICES,1992-03-23,1992,3,23
Italpinas Development Corporation,IDC,SME,SME,2015-12-07,2015,12,7
"Integrated Micro-Electronics, Inc.",IMI,INDUSTRIAL,ELECTRICAL COMPONENTS & EQUIP.,2010-01-21,2010,1,21
"Imperial Resources, Inc.",IMP,SERVICES,INFORMATION TECHNOLOGY,1970-08-31,1970,8,31
Philippine Infradev Holdings Inc.,INFRA,PROPERTY,PROPERTY,1978-02-27,1978,2,27
"Ionics, Inc.",ION,INDUSTRIAL,ELECTRICAL COMPONENTS & EQUIP.,1995-07-18,1995,7,18
"IPM Holdings, Inc.",IPM,SERVICES,OTHER SERVICES,1998-06-17,1998,6,17
"iPeople, Inc.",IPO,SERVICES,EDUCATION,1990-01-24,1990,1,24
"Island Information & Technology, Inc.",IS,SERVICES,INFORMATION TECHNOLOGY,1988-12-06,1988,12,6
"Jackstones, Inc.",JAS,SERVICES,INFORMATION TECHNOLOGY,1967-10-27,1967,10,27
Jollibee Foods Corporation,JFC,INDUSTRIAL,"FOOD, BEVERAGE & TOBACCO",1993-07-14,1993,7,14
Jollibee Foods Corporation Non-Voting Perpetual Series A Preferred Shares,JFCPA,INDUSTRIAL,"FOOD, BEVERAGE & TOBACCO",2021-10-14,2021,10,14
Jollibee Foods Corporation Non-Voting Perpetual Series B Preferred Shares,JFCPB,INDUSTRIAL,"FOOD, BEVERAGE & TOBACCO",2021-10-14,2021,10,14
"JG Summit Holdings, Inc.",JGS,HOLDING FIRMS,HOLDING FIRMS,1993-08-09,1993,8,9
Jolliville Holdings Corporation,JOH,INDUSTRIAL,"ELEC., ENERGY, POWER & WATER",2002-06-17,2002,6,17
"The Keepers Holdings, Inc.",KEEPR,INDUSTRIAL,"FOOD, BEVERAGE & TOBACCO",1991-09-03,1991,9,3
"Keppel Philippines Properties, Inc.",KEP,PROPERTY,PROPERTY,1989-09-11,1989,9,11
"Keppel Philippines Holdings, Inc. ``A``",KPH,HOLDING FIRMS,HOLDING FIRMS,1987-08-26,1987,8,26
"Keppel Philippines Holdings, Inc. ``B``",KPHB,HOLDING FIRMS,HOLDING FIRMS,1987-08-26,1987,8,26
"Kepwealth Property Phils., Inc.",KPPI,SME,SME,2019-08-19,2019,8,19
"City & Land Developers, Incorporated",LAND,PROPERTY,PROPERTY,1999-12-13,1999,12,13
"LBC Express Holdings, Inc.",LBC,SERVICES,TRANSPORTATION SERVICES,2001-12-21,2001,12,21
Lepanto Consolidated Mining Company ``A``,LC,MINING & OIL,MINING,1947-04-30,1947,4,30
Lepanto Consolidated Mining Company ``B``,LCB,MINING & OIL,MINING,1947-04-30,1947,4,30
"Liberty Flour Mills, Inc.",LFM,INDUSTRIAL,"FOOD, BEVERAGE & TOBACCO",1985-04-25,1985,4,25
LMG Corp.,LMG,INDUSTRIAL,CHEMICALS,1986-01-07,1986,1,7
Lodestar Investment Holdings Corporation,LODE,HOLDING FIRMS,HOLDING FIRMS,1989-05-26,1989,5,26
Pacific Online Systems Corporation,LOTO,SERVICES,CASINOS & GAMING,2007-04-12,2007,4,12
LFM Properties Corporation,LPC,SME,SME,2022-11-09,2022,11,9
Lopez Holdings Corporation,LPZ,HOLDING FIRMS,HOLDING FIRMS,1993-11-25,1993,11,25
Lorenzo Shipping Corporation,LSC,SERVICES,TRANSPORTATION SERVICES,1996-07-22,1996,7,22
"LT Group, Inc.",LTG,HOLDING FIRMS,HOLDING FIRMS,1947-11-07,1947,11,7
Manila Mining Corporation ``A``,MA,MINING & OIL,MINING,1959-12-17,1959,12,17
Manila Mining Corporation ``B``,MAB,MINING & OIL,MINING,1959-12-17,1959,12,17
MacroAsia Corporation,MAC,SERVICES,TRANSPORTATION SERVICES,1970-05-21,1970,5,21
"Macay Holdings, Inc.",MACAY,INDUSTRIAL,"FOOD, BEVERAGE & TOBACCO",1987-01-28,1987,1,28
Metro Alliance Holdings & Equities Corp. ``A``,MAH,SERVICES,TRANSPORTATION SERVICES,1947-12-08,1947,12,8
Metro Alliance Holdings & Equities Corp. ``B``,MAHB,SERVICES,TRANSPORTATION SERVICES,1947-12-08,1947,12,8
"Marcventures Holdings, Inc.",MARC,MINING & OIL,MINING,1958-01-10,1958,1,10
"Max`s Group, Inc.",MAXS,INDUSTRIAL,"FOOD, BEVERAGE & TOBACCO",2000-12-15,2000,12,15
Manila Bulletin Publishing Corporation,MB,SERVICES,MEDIA,1990-04-18,1990,4,18
Manila Broadcasting Company,MBC,SERVICES,MEDIA,1949-10-08,1949,10,8
Metropolitan Bank & Trust Company,MBT,FINANCIALS,BANKS,1981-02-26,1981,2,26
"Medco Holdings, Inc.",MED,FINANCIALS,OTHER FINANCIAL INSTITUTIONS,1975-11-18,1975,11,18
Medilines Distributors Incorporated,MEDIC,SERVICES,OTHER SERVICES,2021-12-07,2021,12,7
Megaworld Corporation,MEG,PROPERTY,PROPERTY,1994-06-15,1994,6,15
Manila Electric Company,MER,INDUSTRIAL,"ELEC., ENERGY, POWER & WATER",1992-01-08,1992,1,8
Manulife Financial Corporation,MFC,FINANCIALS,OTHER FINANCIAL INSTITUTIONS,1999-09-27,1999,9,27
Makati Finance Corporation,MFIN,SME,SME,2003-01-06,2003,1,6
"Millennium Global Holdings, Inc.",MG,INDUSTRIAL,"FOOD, BEVERAGE & TOBACCO",1976-03-01,1976,3,1
Metro Global Holdings Corporation,MGH,HOLDING FIRMS,HOLDING FIRMS,1964-05-04,1964,5,4
Mabuhay Holdings Corporation,MHC,HOLDING FIRMS,HOLDING FIRMS,1990-10-22,1990,10,22
"Manila Jockey Club, Inc.",MJC,SERVICES,CASINOS & GAMING,1963-10-11,1963,10,11
MJC Investments Corporation,MJIC,SERVICES,CASINOS & GAMING,1955-11-11,1955,11,11
MerryMart Consumer Corp.,MM,SME,SME,2020-06-15,2020,6,15
Monde Nissin Corporation,MONDE,INDUSTRIAL,"FOOD, BEVERAGE & TOBACCO",2021-06-01,2021,6,1
"MRC Allied, Inc.",MRC,PROPERTY,PROPERTY,1995-05-18,1995,5,18
"MREIT, Inc.",MREIT,PROPERTY,PROPERTY,2021-10-01,2021,10,1
"Metro Retail Stores Group, Inc.",MRSGI,SERVICES,RETAIL,2015-11-24,2015,11,24
Mabuhay Vinyl Corporation,MVC,INDUSTRIAL,CHEMICALS,1997-02-05,1997,2,5
"Manila Water Company, Inc.",MWC,INDUSTRIAL,"ELEC., ENERGY, POWER & WATER",2005-03-18,2005,3,18
Megawide Construction Corporation,MWIDE,INDUSTRIAL,"CONSTRUCTION, INFR. & ALLIED",2011-02-18,2011,2,18
Megawide Construction Corporation Perpetual Preferred Shares,MWP,INDUSTRIAL,"CONSTRUCTION, INFR. & ALLIED",2014-12-03,2014,12,3
Megawide Construction Corporation Non-Voting Perpetual Series 2 Preferred Shares - Subseries ``2A``,MWP2A,INDUSTRIAL,"CONSTRUCTION, INFR. & ALLIED",2020-11-27,2020,11,27
Megawide Construction Corporation Non-Voting Perpetual Series 2 Preferred Shares - Subseries ``2B``,MWP2B,INDUSTRIAL,"CONSTRUCTION, INFR. & ALLIED",2020-11-27,2020,11,27
Megawide Construction Corporation Non-Voting Perpetual Series 4 Preferred Shares,MWP4,INDUSTRIAL,"CONSTRUCTION, INFR. & ALLIED",2021-10-29,2021,10,29
Megawide Construction Corporation Non-Voting Perpetual Series 5 Preferred Shares,MWP5,INDUSTRIAL,"CONSTRUCTION, INFR. & ALLIED",2023-04-17,2023,4,17
"NiHAO Mineral Resources International, Inc.",NI,MINING & OIL,MINING,1990-10-03,1990,10,3
Nickel Asia Corporation,NIKL,MINING & OIL,MINING,2010-11-22,2010,11,22
Now Corporation,NOW,SERVICES,INFORMATION TECHNOLOGY,2003-07-23,2003,7,23
National Reinsurance Corporation of the Philippines,NRCP,FINANCIALS,OTHER FINANCIAL INSTITUTIONS,2007-04-27,2007,4,27
NextGenesis Corporation,NXGEN,FINANCIALS,BANKS,1996-10-08,1996,10,8
Omico Corporation,OM,PROPERTY,PROPERTY,1969-05-02,1969,5,2
Oriental Petroleum and Minerals Corporation ``A``,OPM,MINING & OIL,OIL,1970-10-14,1970,10,14
Oriental Petroleum and Minerals Corporation ``B``,OPMB,MINING & OIL,OIL,1970-10-14,1970,10,14
"Oriental Peninsula Resources Group, Inc.",ORE,MINING & OIL,MINING,2007-12-19,2007,12,19
The Philodrill Corporation,OV,MINING & OIL,OIL,1969-09-25,1969,9,25
"Pacifica Holdings, Inc.",PA,HOLDING FIRMS,HOLDING FIRMS,1959-11-23,1959,11,23
"PAL Holdings, Inc.",PAL,SERVICES,TRANSPORTATION SERVICES,1954-01-04,1954,1,4
"Paxys, Inc.",PAX,SERVICES,OTHER SERVICES,1972-10-05,1972,10,5
"Philippine Business Bank, Inc., A Savings Bank",PBB,FINANCIALS,BANKS,2013-02-19,2013,2,19
Philippine Bank of Communications,PBC,FINANCIALS,BANKS,1988-05-12,1988,5,12
Petron Corporation,PCOR,INDUSTRIAL,"ELEC., ENERGY, POWER & WATER",1994-09-07,1994,9,7
PetroEnergy Resources Corporation,PERC,INDUSTRIAL,"ELEC., ENERGY, POWER & WATER",2004-08-11,2004,8,11
"Puregold Price Club, Inc.",PGOLD,SERVICES,RETAIL,2011-10-05,2011,10,5
Premiere Horizon Alliance Corporation,PHA,SERVICES,OTHER SERVICES,1997-05-05,1997,5,5
Philcomsat Holdings Corporation,PHC,SERVICES,OTHER SERVICES,1958-11-28,1958,11,28
Philippine Estates Corporation,PHES,PROPERTY,PROPERTY,1985-01-21,1985,1,21
Phinma Corporation,PHN,INDUSTRIAL,"CONSTRUCTION, INFR. & ALLIED",1958-08-18,1958,8,18
"PH Resorts Group Holdings, Inc.",PHR,SERVICES,CASINOS & GAMING,2011-11-24,2011,11,24
Shakey`s Pizza Asia Ventures Inc.,PIZZA,INDUSTRIAL,"FOOD, BEVERAGE & TOBACCO",2016-12-15,2016,12,15
Premium Leisure Corp.,PLC,SERVICES,CASINOS & GAMING,1995-08-28,1995,8,28
DigiPlus Interactive Corp.,PLUS,SERVICES,CASINOS & GAMING,1958-04-17,1958,4,17
Panasonic Manufacturing Philippines Corporation,PMPC,INDUSTRIAL,ELECTRICAL COMPONENTS & EQUIP.,1983-01-21,1983,1,21
Philippine National Bank,PNB,FINANCIALS,BANKS,1989-06-21,1989,6,21
Philippine National Construction Corporation,PNC,INDUSTRIAL,"CONSTRUCTION, INFR. & ALLIED",1974-03-13,1974,3,13
"P-H-O-E-N-I-X PETROLEUM PHILIPPINES, INC.",PNX,INDUSTRIAL,"ELEC., ENERGY, POWER & WATER",2007-07-11,2007,7,11
"P-H-O-E-N-I-X PETROLEUM PHILIPPINES, INC. Non-Voting Perpetual - Series ``3A`` Preferred Shares",PNX3A,INDUSTRIAL,"ELEC., ENERGY, POWER & WATER",2015-12-18,2015,12,18
"P-H-O-E-N-I-X PETROLEUM PHILIPPINES, INC. Non-Voting Perpetual - Series ``3B`` Preferred Shares",PNX3B,INDUSTRIAL,"ELEC., ENERGY, POWER & WATER",2015-12-18,2015,12,18
"P-H-O-E-N-I-X PETROLEUM PHILIPPINES, INC. Non-Voting Perpetual Preferred Shares Series ``4``",PNX4,INDUSTRIAL,"ELEC., ENERGY, POWER & WATER",2019-11-07,2019,11,7
"P-H-O-E-N-I-X PETROLEUM PHILIPPINES, INC. Non-Voting Perpetual Preferred Shares",PNXP,INDUSTRIAL,"ELEC., ENERGY, POWER & WATER",2015-01-08,2015,1,8
"Globalport 900, Inc.",PORT,SERVICES,TRANSPORTATION SERVICES,1948-06-09,1948,6,9
Pryce Corporation,PPC,INDUSTRIAL,CHEMICALS,1991-10-29,1991,10,29
"Philippine Racing Club, Inc.",PRC,SERVICES,CASINOS & GAMING,1952-03-02,1952,3,2
Premiere Island Power REIT Corporation,PREIT,PROPERTY,PROPERTY,2022-12-15,2022,12,15
Petron Corporation Perpetual Preferred Shares Series ``2`` -Subseries ``2A``,PRF2A,INDUSTRIAL,"ELEC., ENERGY, POWER & WATER",2014-11-03,2014,11,3
Petron Corporation Perpetual Preferred Shares Series ``2`` -Subseries ``2B``,PRF2B,INDUSTRIAL,"ELEC., ENERGY, POWER & WATER",2014-11-03,2014,11,3
Petron Corporation Perpetual Preferred Shares Series ``3`` -Subseries ``3A``,PRF3A,INDUSTRIAL,"ELEC., ENERGY, POWER & WATER",2019-06-25,2019,6,25
Petron Corporation Perpetual Preferred Shares Series ``3`` -Subseries ``3B``,PRF3B,INDUSTRIAL,"ELEC., ENERGY, POWER & WATER",2019-06-25,2019,6,25
Petron Corporation Non-Voting Perpetual Series 4A Preferred Shares,PRF4A,INDUSTRIAL,"ELEC., ENERGY, POWER & WATER",2023-07-07,2023,7,7
Petron Corporation Non-Voting Perpetual Series 4B Preferred Shares,PRF4B,INDUSTRIAL,"ELEC., ENERGY, POWER & WATER",2023-07-07,2023,7,7
Petron Corporation Non-Voting Perpetual Series 4C Preferred Shares,PRF4C,INDUSTRIAL,"ELEC., ENERGY, POWER & WATER",2023-07-07,2023,7,7
"Prime Media Holdings, Inc.",PRIM,HOLDING FIRMS,HOLDING FIRMS,1964-07-29,1964,7,29
Primex Corporation,PRMX,PROPERTY,PROPERTY,2001-08-10,2001,8,10
Philippine Savings Bank,PSB,FINANCIALS,BANKS,1994-10-10,1994,10,10
"The Philippine Stock Exchange, Inc.",PSE,FINANCIALS,OTHER FINANCIAL INSTITUTIONS,2003-12-15,2003,12,15
Philippine Trust Company,PTC,FINANCIALS,BANKS,1988-02-17,1988,2,17
Philippine Telegraph and Telephone Corporation,PTT,SERVICES,TELECOMMUNICATIONS,1990-01-10,1990,1,10
Philex Mining Corporation,PX,MINING & OIL,MINING,1956-11-23,1956,11,23
PXP Energy Corporation,PXP,MINING & OIL,OIL,2011-09-12,2011,9,12
Rizal Commercial Banking Corporation,RCB,FINANCIALS,BANKS,1986-11-06,1986,11,6
"Roxas and Company, Inc.",RCI,INDUSTRIAL,"FOOD, BEVERAGE & TOBACCO",1948-11-29,1948,11,29
"RL Commercial REIT, Inc.",RCR,PROPERTY,PROPERTY,2021-09-14,2021,9,14
Repower Energy Development Corporation,REDC,INDUSTRIAL,"ELEC., ENERGY, POWER & WATER",2023-07-24,2023,7,24
Republic Glass Holdings Corporation,REG,HOLDING FIRMS,HOLDING FIRMS,1959-07-17,1959,7,17
RFM Corporation,RFM,INDUSTRIAL,"FOOD, BEVERAGE & TOBACCO",1966-02-21,1966,2,21
Robinsons Land Corporation,RLC,PROPERTY,PROPERTY,1989-10-16,1989,10,16
Philippine Realty and Holdings Corporation,RLT,PROPERTY,PROPERTY,1987-09-07,1987,9,7
Rockwell Land Corporation,ROCK,PROPERTY,PROPERTY,2012-05-11,2012,5,11
"Roxas Holdings, Inc.",ROX,INDUSTRIAL,"FOOD, BEVERAGE & TOBACCO",1996-08-08,1996,8,8
"Robinsons Retail Holdings, Inc.",RRHI,SERVICES,RETAIL,2013-11-11,2013,11,11
SBS Philippines Corporation,SBS,SERVICES,OTHER SERVICES,2015-08-10,2015,8,10
Semirara Mining and Power Corporation,SCC,INDUSTRIAL,"ELEC., ENERGY, POWER & WATER",1983-11-28,1983,11,28
Security Bank Corporation,SECB,FINANCIALS,BANKS,1995-06-08,1995,6,8
Philippine Seven Corporation,SEVN,SERVICES,RETAIL,1998-02-04,1998,2,4
"Swift Foods, Inc.",SFI,INDUSTRIAL,"FOOD, BEVERAGE & TOBACCO",1994-11-15,1994,11,15
"Swift Foods, Inc. Convertible Preferred",SFIP,INDUSTRIAL,"FOOD, BEVERAGE & TOBACCO",2000-03-17,2000,3,17
"Solid Group, Inc.",SGI,HOLDING FIRMS,HOLDING FIRMS,1948-04-26,1948,4,26
"Synergy Grid & Development Phils., Inc.",SGP,INDUSTRIAL,"ELEC., ENERGY, POWER & WATER",1972-05-10,1972,5,10
Shell Pilipinas Corporation,SHLPH,INDUSTRIAL,"ELEC., ENERGY, POWER & WATER",2016-11-03,2016,11,3
"Shang Properties, Inc.",SHNG,PROPERTY,PROPERTY,1991-06-13,1991,6,13
Sun Life Financial Inc.,SLF,FINANCIALS,OTHER FINANCIAL INSTITUTIONS,2000-03-24,2000,3,24
"Sta. Lucia Land, Inc.",SLI,PROPERTY,PROPERTY,1987-09-14,1987,9,14
SM Investments Corporation,SM,HOLDING FIRMS,HOLDING FIRMS,2005-03-22,2005,3,22
San Miguel Corporation,SMC,HOLDING FIRMS,HOLDING FIRMS,1948-11-05,1948,11,5
San Miguel Corporation Series ``2`` Preferred Shares - Subseries ``2-A``,SMC2A,HOLDING FIRMS,HOLDING FIRMS,2012-09-28,2012,9,28
San Miguel Corporation Series ``2`` Preferred Shares - Subseries ``2-B``,SMC2B,HOLDING FIRMS,HOLDING FIRMS,2012-09-28,2012,9,28
San Miguel Corporation Series ``2`` Preferred Shares - Subseries ``2-C``,SMC2C,HOLDING FIRMS,HOLDING FIRMS,2012-09-28,2012,9,28
San Miguel Corporation Series ``2`` Preferred Shares - Subseries ``2-D``,SMC2D,HOLDING FIRMS,HOLDING FIRMS,2015-09-21,2015,9,21
San Miguel Corporation Series ``2`` Preferred Shares - Subseries ``2-E``,SMC2E,HOLDING FIRMS,HOLDING FIRMS,2015-09-21,2015,9,21
San Miguel Corporation Series ``2`` Preferred Shares - Subseries ``2-F``,SMC2F,HOLDING FIRMS,HOLDING FIRMS,2015-09-21,2015,9,21
San Miguel Corporation Series ``2`` Preferred Shares - Subseries ``2-G``,SMC2G,HOLDING FIRMS,HOLDING FIRMS,2016-03-30,2016,3,30
San Miguel Corporation Series ``2`` Preferred Shares - Subseries ``2-H``,SMC2H,HOLDING FIRMS,HOLDING FIRMS,2016-03-30,2016,3,30
San Miguel Corporation Series ``2`` Preferred Shares - Subseries ``2-I``,SMC2I,HOLDING FIRMS,HOLDING FIRMS,2016-03-30,2016,3,30
San Miguel Corporation Series ``2`` Preferred Shares - Subseries ``2-J``,SMC2J,HOLDING FIRMS,HOLDING FIRMS,2020-10-29,2020,10,29
San Miguel Corporation Series ``2`` Preferred Shares - Subseries ``2-K``,SMC2K,HOLDING FIRMS,HOLDING FIRMS,2020-12-10,2020,12,10
San Miguel Corporation Series 2 Preferred Shares – Subseries ``2L``,SMC2L,HOLDING FIRMS,HOLDING FIRMS,2023-12-01,2023,12,1
San Miguel Corporation Series ``2`` Preferred Shares - Subseries ``2-M``,SMC2M,HOLDING FIRMS,HOLDING FIRMS,2023-08-29,2023,8,29
San Miguel Corporation Series 2 Preferred Shares – Subseries ``2N``,SMC2N,HOLDING FIRMS,HOLDING FIRMS,2023-12-01,2023,12,1
San Miguel Corporation Series 2 Preferred Shares – Subseries ``2O``,SMC2O,HOLDING FIRMS,HOLDING FIRMS,2023-12-01,2023,12,1
San Miguel Corporation - Preferred Series ``1``,SMCP1,HOLDING FIRMS,HOLDING FIRMS,2010-12-08,2010,12,8
"SM Prime Holdings, Inc.",SMPH,PROPERTY,PROPERTY,1994-07-05,1994,7,5
"SOCResources, Inc.",SOC,PROPERTY,PROPERTY,1994-01-05,1994,1,5
SPC Power Corporation,SPC,INDUSTRIAL,"ELEC., ENERGY, POWER & WATER",2002-04-02,2002,4,2
Seafront Resources Corporation,SPM,HOLDING FIRMS,HOLDING FIRMS,1974-05-07,1974,5,7
SP New Energy Corporation,SPNEC,INDUSTRIAL,"ELEC., ENERGY, POWER & WATER",2021-12-17,2021,12,17
Supercity Realty Development Corporation,SRDC,INDUSTRIAL,"CONSTRUCTION, INFR. & ALLIED",2003-12-19,2003,12,19
"SSI Group, Inc.",SSI,SERVICES,RETAIL,2014-11-07,2014,11,7
SFA Semicon Philippines Corporation,SSP,INDUSTRIAL,ELECTRICAL COMPONENTS & EQUIP.,2014-12-01,2014,12,1
"STI Education Systems Holdings, Inc.",STI,SERVICES,EDUCATION,1976-10-12,1976,10,12
Steniel Manufacturing Corporation,STN,INDUSTRIAL,OTHER INDUSTRIALS,1993-11-22,1993,11,22
"Vistamalls, Inc.",STR,PROPERTY,PROPERTY,1970-11-17,1970,11,17
"Suntrust Resort Holdings, Inc.",SUN,PROPERTY,PROPERTY,1959-02-11,1959,2,11
TKC Metals Corporation,T,INDUSTRIAL,"CONSTRUCTION, INFR. & ALLIED",2001-07-20,2001,7,20
Transpacific Broadband Group Int`l. Inc.,TBGI,SERVICES,INFORMATION TECHNOLOGY,2003-12-12,2003,12,12
Cirtek Holdings Philippines Corporation Preferred B-2 Subseries ``A`` Shares,TCB2A,INDUSTRIAL,ELECTRICAL COMPONENTS & EQUIP.,2017-12-08,2017,12,8
Cirtek Holdings Philippines Corporation Preferred B-2 Subseries ``B`` Shares,TCB2B,INDUSTRIAL,ELECTRICAL COMPONENTS & EQUIP.,2021-02-02,2021,2,2
Cirtek Holdings Philippines Corporation Preferred B-2 Subseries C Shares,TCB2C,INDUSTRIAL,ELECTRICAL COMPONENTS & EQUIP.,2021-12-14,2021,12,14
Cirtek Holdings Philippines Corporation Preferred B-2 Subseries D Shares,TCB2D,INDUSTRIAL,ELECTRICAL COMPONENTS & EQUIP.,2021-12-14,2021,12,14
Cirtek Holdings Philippines Corporation,TECH,INDUSTRIAL,ELECTRICAL COMPONENTS & EQUIP.,2011-11-18,2011,11,18
Cirtek Holdings Philippines Corporation Bonus Detachable Warrants,TECHW,INDUSTRIAL,ELECTRICAL COMPONENTS & EQUIP.,2021-08-16,2021,8,16
PLDT Inc.,TEL,SERVICES,TELECOMMUNICATIONS,1953-09-17,1953,9,17
PTFC Redevelopment Corporation,TFC,PROPERTY,PROPERTY,1955-12-19,1955,12,19
"Top Frontier Investment Holdings, Inc.",TFHI,HOLDING FIRMS,HOLDING FIRMS,2014-01-13,2014,1,13
PLDT Inc. Convertible Preferred Shares Series ``II``,TLII,SERVICES,TELECOMMUNICATIONS,2014-10-15,2014,10,15
PLDT Inc. Convertible Preferred Shares Series ``JJ``,TLJJ,SERVICES,TELECOMMUNICATIONS,2016-01-21,2016,1,21
"Harbor Star Shipping Services, Inc.",TUGS,SERVICES,TRANSPORTATION SERVICES,2013-10-30,2013,10,30
Union Bank of the Philippines,UBP,FINANCIALS,BANKS,1992-06-29,1992,6,29
United Paragon Mining Corporation,UPM,MINING & OIL,MINING,1972-08-31,1972,8,31
Upson International Corp.,UPSON,SERVICES,RETAIL,2023-04-03,2023,4,3
Universal Robina Corporation,URC,INDUSTRIAL,"FOOD, BEVERAGE & TOBACCO",1994-03-25,1994,3,25
"Vantage Equities, Inc.",V,FINANCIALS,OTHER FINANCIAL INSTITUTIONS,1993-03-30,1993,3,30
Vitarich Corporation,VITA,INDUSTRIAL,"FOOD, BEVERAGE & TOBACCO",1995-02-08,1995,2,8
"Vista Land & Lifescapes, Inc.",VLL,PROPERTY,PROPERTY,2007-06-25,2007,6,25
"Victorias Milling Company, Inc.",VMC,INDUSTRIAL,"FOOD, BEVERAGE & TOBACCO",1993-11-15,1993,11,15
"VistaREIT, Inc.",VREIT,PROPERTY,PROPERTY,2022-06-15,2022,6,15
Vivant Corporation,VVT,INDUSTRIAL,"ELEC., ENERGY, POWER & WATER",1994-06-23,1994,6,23
Philweb Corporation,WEB,SERVICES,CASINOS & GAMING,1969-12-08,1969,12,8
"Wellex Industries, Inc.",WIN,HOLDING FIRMS,HOLDING FIRMS,1958-01-09,1958,1,9
"Wilcon Depot, Inc.",WLCON,SERVICES,RETAIL,2017-03-31,2017,3,31
"Waterfront Philippines, Incorporated",WPI,SERVICES,HOTEL & LEISURE,1995-03-17,1995,3,17
Xurpas Inc.,X,SME,SME,2014-12-02,2014,12,2
"Zeus Holdings, Inc.",ZHI,HOLDING FIRMS,HOLDING FIRMS,1991-07-15,1991,7,15
